"Status","Start Time","Stop Time","Duration in ms","Parent Suite","Suite","Sub Suite","Test Class","Test Method","Name","Description"
"passed","Sat May 24 18:44:14 GMT 2025","Sat May 24 18:44:23 GMT 2025","8610","Homework Suite","Regression for homework","homework.SauceDemoTest","homework.SauceDemoTest","automatePurchaseProcess_Test_1","automatePurchaseProcess_Test_1","Verifies purchase process of the sauce lab's demo page"
"passed","Sat May 24 18:44:18 GMT 2025","Sat May 24 18:44:19 GMT 2025","1507","Homework Suite","Regression for homework","homework.SauceDemoTest","homework.SauceDemoTest","verifyLoginErrorAndFooter_Test_2","verifyLoginErrorAndFooter_Test_2","Verifies login error on sauce lab's demo page"
"passed","Sat May 24 18:44:31 GMT 2025","Sat May 24 18:44:38 GMT 2025","7159","Homework Suite","Regression for homework","homework.SauceDemoTest","homework.SauceDemoTest","automatePurchaseProcess_Test_1","automatePurchaseProcess_Test_1","Verifies purchase process of the sauce lab's demo page"
"passed","Sat May 24 18:44:23 GMT 2025","Sat May 24 18:44:25 GMT 2025","2344","Homework Suite","Regression for homework","homework.RetryTest","homework.RetryTest","passesAfterRetriesAndTakesScreenshot","passesAfterRetriesAndTakesScreenshot","This test verifies the retry feature of the framework"
"passed","Sat May 24 18:44:23 GMT 2025","Sat May 24 18:44:31 GMT 2025","7070","Homework Suite","Regression for homework","homework.SauceDemoTest","homework.SauceDemoTest","automatePurchaseProcess_Test_1","automatePurchaseProcess_Test_1","Verifies purchase process of the sauce lab's demo page"
"passed","Sat May 24 18:44:06 GMT 2025","Sat May 24 18:44:07 GMT 2025","467","Homework Suite","Regression for homework","homework.ApiTest","homework.ApiTest","getUsersAndVerifyAtInFirstEmail_Test_5","getUsersAndVerifyAtInFirstEmail_Test_5","Gets users from an endpoint parses it and verifies that the first user has @ symbol in it's e-mail"
"passed","Sat May 24 18:44:07 GMT 2025","Sat May 24 18:44:09 GMT 2025","1917","Homework Suite","Regression for homework","homework.ApiTest","homework.ApiTest","restAssuredDemo","restAssuredDemo","More compact RestAssured demo"
"passed","Sat May 24 18:44:14 GMT 2025","Sat May 24 18:44:18 GMT 2025","3557","Homework Suite","Regression for homework","homework.RichTextEditorTest","homework.RichTextEditorTest","validateTextInRichTextEditor_Test3","validateTextInRichTextEditor_Test3","Playing with rich text editor"
"passed","Sat May 24 18:44:19 GMT 2025","Sat May 24 18:48:52 GMT 2025","273174","Homework Suite","Regression for homework","homework.DemoGuru99Test","homework.DemoGuru99Test","iframeTabHandlingAlertTest_Test_4","iframeTabHandlingAlertTest_Test_4","Interacts with elements in an iframe, closes a browser tab, raises and handles an alert, and interacts with a dropdown"
